{
  "project_info": {
    "project_number": "764475989360",
    "project_id": "orbital-alpha-336316",
    "storage_bucket": "orbital-alpha-336316.appspot.com"
  },
  "client": [
    {
      "client_info": {
        "mobilesdk_app_id": "1:764475989360:android:a801e7b514ceb93df9c3b5",
        "android_client_info": {
          "package_name": "com.steft.travel_app"
        }
      },
      "oauth_client": [
        {
          "client_id": "764475989360-ggf4rs8ghc0jk0pm9qvk48vgs2hb48e4.apps.googleusercontent.com",
          "client_type": 3
        }
      ],
      "api_key": [
        {
          "current_key": "AIzaSyBt-edMv8yWQg59UiQaHQ_h5cZQHVD7b90"
        }
      ],
      "services": {
        "appinvite_service": {
          "other_platform_oauth_client": [
            {
              "client_id": "764475989360-ggf4rs8ghc0jk0pm9qvk48vgs2hb48e4.apps.googleusercontent.com",
              "client_type": 3
            }
          ]
        }
      }
    }
  ],
  "configuration_version": "1"
}